date,Saudi Arabia,Russian Federation,Iraq,United States,United Arab Emirates,Kuwait,Brazil,Nigeria,Norway,Angola,Mexico,Libya,Oman,Iran,Turkey,Qatar,Egypt,United Kingdom,Unknown,Colombia,Venezuela,Algeria,Canada,Panama,Ecuador,Malaysia,Republic of the Congo,Guyana,Saudi-Kuwaiti Neutral Zone,Australia,Cameroon,Gabon,Ghana,Sudan,Argentina,Equatorial Guinea,Indonesia,South Korea,Trinidad and Tobago,Brunei,Vietnam,Georgia,Japan,Israel,Turkmenistan,Tunisia,Yemen,Kazakhstan,Ivory Coast,China,South Africa,Thailand,Democratic Republic of the Congo,Papua New Guinea,Denmark,United States Virgin Islands,Italy,New Zealand,Bahamas,Albania,Netherlands,Peru,Saint Lucia,Sweden,Singapore Republic,Germany,Croatia,Pakistan,Timor-Leste,Philippines,France,Sint Eustatius,Guatemala,Cuba,Romania,Belgium,Ireland,Spain,Chile,Bahrain,Mozambique,Poland,Azerbaijan,India,Curacao,Portugal,Bulgaria,Taiwan,Lithuania,Malta,Estonia,Kenya,Cyprus,Latvia,Aruba,Belize,Gambia,Togo
2021-01,26961.20985,15872.65113,11713.31069,12628.55933,9496.430157,7159.704555,5743.987512,5591.219939,5915.054765,4610.960256,4647.698249,4102.533442,3841.487776,3108.25074,4151.041112,3139.188003,2398.155046,3646.127447,2084.798543,2234.746707,1938.156274,1120.367826,1855.664193,1445.62914,1672.669207,1606.214318,1172.91233,561.2202068,783.542988,802.5685009,983.8648201,708.8476996,808.910252,610.89511,325.2103465,625.203122,629.278948,746.5866878,227.9286466,236.173066,211.9349606,405.2102963,0,474.638563,80.218694,173.060861,61.4262495,124.403034,0,31.12368,140.394017,123.6375982,0,108.3232136,49.52046,8.281476,0,42.370496,338.278652,60.133395,17.086636,100.289616,341.58453,127.911882,0,0,57.215368,0,0,36.009213,97.07521779,0,0,0,0,0,93.083592,21.245546,0,0,0,10.470376,0,75.57487,0,0,0,0,0,0,0,0,0,0,0,0,0,0
2021-02,22541.49938,16061.39766,11446.49648,7826.766655,8427.64218,7051.256767,5319.313614,5980.42086,5022.603427,4051.697878,4174.860023,4291.405305,3198.25732,2356.61337,3887.226963,2469.207094,2274.226463,3479.008471,2260.182122,1660.775418,1531.141523,1519.491676,1755.50225,1352.335325,1498.886066,1066.281577,982.835471,430.0188074,763.288116,1009.761106,837.0730728,626.7438265,540.834362,848.980762,174.5895351,144.63225,590.8411212,573.226415,285.6559877,217.1769792,248.0957832,351.5475641,0,118.2469,69.83727,37.217966,339.0184245,129.168228,227.660308,48.666268,520.842455,51.274648,119.014048,153.0492946,67.547738,0,70.95505748,42.370496,40.32945,58.018961,7.812441,0,74.831139,376.3808412,0,0,67.4842,0,0,32.922666,94.637298,0,43.209428,0,0,0,0,0,0,0,0,0,0,0,2.482956,0,0,0,0,0,0,0,0,0,0,0,0,0
2021-03,23490.68167,16528.76323,12341.66823,11084.13754,9192.395637,7803.07175,6158.422931,6710.013817,5638.420483,5007.472532,4316.263739,4957.136216,3444.378366,3108.98676,3860.010367,2845.11699,2138.357196,3719.159233,3025.066266,2117.830949,1919.97914,1367.741622,1825.720854,1343.162122,1733.423655,1428.217362,1277.804537,573.3783029,767.2838475,734.2760085,802.8002369,823.6381434,807.512894,467.104036,269.2260159,456.50378,661.8332622,1035.227907,263.872314,301.7298786,236.7457219,401.9906005,42.16317,229.822936,68.108178,85.462369,56.7271691,36.793344,0,267.138312,813.718448,179.2784311,124.773608,61.16075308,122.948706,0,55.89712328,101.593868,0,23.556533,65.77009,0,0,172.50184,0,70.658518,0,0,49.0277632,36.479085,23.40884,124.209611,0,0,0,73.79535758,0,11.438448,0,0,0,0,0,0,0,0,0,0,0,0,0,0,0,4.888268,0,0,0,0
2021-04,22938.91796,17007.66576,12051.35431,12376.42088,9832.796162,7057.61206,6861.517139,6535.128497,5261.060381,4556.085673,4256.02357,4409.417749,3657.187789,2913.38466,3936.13562,2899.327918,1992.597307,2697.348614,3707.230822,1764.622984,2008.930218,1662.44121,2039.074421,1543.895794,1700.827794,1642.829174,1004.008257,505.9253899,714.538756,1085.2454,975.2028523,917.7783093,488.335951,517.836368,0,597.553725,472.4587544,973.496104,206.353033,440.984054,160.6722529,371.5583483,437.217017,281.545404,137.851874,164.7485788,293.314032,38.308228,87.379072,0,899.2483107,113.3129747,0,65.92694025,66.121748,0,0,64.572015,204.50414,14.346332,0,110.6964184,193.924976,0,78.019462,0,55.001688,29.04954,0,73.424277,18.06049,0,0,43.784608,0,0,0,0,0,0,0,0,0,6.272644,0,0,0,0,0,0,0,0,0,0,0,0,0,0
2021-05,24774.49588,18036.22352,12197.66348,10707.23617,9130.641897,8109.396608,6185.970163,6581.273185,5390.909928,4528.946394,4525.404423,4193.977642,3840.975138,1961.588889,3734.029327,3204.707846,2320.074379,2923.642698,2389.180944,2122.673041,2002.93491,1432.567251,1966.126997,1708.759848,1671.541213,1218.294717,1058.944784,353.4990009,886.603482,1067.835029,848.1025034,442.0584564,666.4226,471.721138,407.1014949,321.20028,594.4991295,525.3667588,333.0269762,366.8150126,194.7222306,276.0140437,0,0,115.469914,253.475118,60.8239562,77.04515,0,0,0,93.44069344,0,124.7884752,122.948706,299.220054,56.10554408,0,29.0723506,26.654628,96.5949424,65.662044,0,0,44.936878,0,0,0,38.40090714,0,18.06049,0,0,0,0,80.389624,0,0,0,0,0,94.743026,0,13.028498,30.666076,0,0,0,0,0,0,0,0,0,0,0,0,0
2021-06,23212.7408,18821.52177,11726.87534,12198.26058,9631.778625,7293.740851,5781.280579,6332.675628,4866.401863,4278.077387,4956.591652,4761.208155,3430.844683,2455.783526,3765.969176,3334.240033,2854.488651,2628.718789,2988.842292,2042.233338,1570.436508,1744.829148,1897.164179,1330.427206,1599.762684,1440.714944,1116.589313,422.3478852,877.2893258,633.3093074,1006.189983,950.7416057,513.604285,697.702824,385.0112426,506.630103,671.640401,858.242499,187.9665879,270.58934,190.7597933,330.5412609,260.54931,0,117.927228,46.337296,358.5883138,98.34356,241.7142412,230.969928,0,38.801743,112.48364,63.11639116,155.766722,312.547914,20.8748902,87.2726,0,51.002952,33.873892,0,0,0,0,101.11892,0,43.29156,0,23.90775,36.12098,0,43.159144,77.45402,0,0,0,88.526089,9.80049,0,0,0,0,0,0,0,0,0,0,0,0,0,0,5.367348,0,0,0,0
2021-07,27668.47157,16859.0904,12644.5224,10005.10433,9874.168659,8470.204267,6219.015065,6609.638731,5747.582042,5030.600803,5340.845265,4675.361192,3801.571488,3597.224644,3918.392247,3374.052022,2960.306495,3348.962183,2204.339859,1781.664874,1460.999035,1682.710036,2329.35602,1318.099782,1360.384198,803.2594186,998.233467,513.9241146,726.5701215,810.1605123,672.9157746,638.3239735,734.476702,453.619698,283.0572693,219.945618,275.7146402,657.067825,183.12772,292.69723,25.125568,368.3880029,150.262616,0,129.126078,140.6152977,55.9374578,102.864258,150.868864,0,138.947242,15.15297,119.45964,109.4869506,0,225.540126,136.2055131,41.152146,0,24.231207,181.142584,0,10.909808,34.77873,156.856246,192.467912,0,0,45.5657667,22.113644,0,0,0,0,56.281407,0,0,0,20.98866,0,0,0,0,0,0,34.179163,0,0,0,0,0,0,0,0,12.273534,0,0,0
2021-08,26677.92849,16161.99514,13305.56296,10491.97362,10145.39221,7464.389321,5738.422307,4952.801343,6256.83436,4568.210387,4812.531704,4473.198842,3653.724675,1635.633228,3370.263922,3527.71179,2732.276208,3304.059043,1963.113824,2166.385619,1930.073616,1549.332197,1662.815832,1476.949283,1520.854545,1044.338411,1138.325,495.5498816,687.7839635,1259.872223,889.9508969,815.459058,486.331176,502.108544,509.1714215,592.656737,265.239266,275.709964,284.9606183,245.839902,232.6683706,413.6364718,629.558434,104.9846,131.031116,196.808902,62.5328676,175.090524,59.633896,317.409824,228.260395,159.6500926,110.90968,51.27096,33.303732,306.434436,22.99393314,83.8420261,73.09274,22.579557,0,17.40881633,0,0,137.449704,73.836966,0,30.19068,0,0,0,0,0,0,0,0,0,0,0,0,0,0,0,0,0,0,0,0,0,0,0,0,0,6.721988,0,0,0,0
2021-09,26742.63356,16847.26948,12873.29757,9867.034031,9961.360425,7256.698182,4674.360873,6500.654782,5605.877236,4821.230087,4392.198646,4201.668032,3783.53051,3184.187405,3734.272983,2749.538755,3121.73787,3698.220921,2258.493935,2079.25388,2005.964611,1606.230033,1798.648097,1142.588151,1539.874925,1137.816278,922.180408,496.5566415,907.345352,1208.515012,843.1852628,959.1514621,669.920772,640.122602,181.3982058,444.686305,179.711178,261.604392,283.64178,226.4601949,78.374865,340.605363,447.275618,0,65.718902,97.67575555,342.1091602,93.448684,153.6472578,22.875168,52.52947,0,0,65.59477738,66.607464,0,25.715858,76.966818,155.151269,0,0,84.575784,27.357946,0,0,74.477942,0,43.29156,64.76290559,34.119183,0,0,43.127233,0,0,0,0,0,0,0,0,0,0,0,0,0,0,0,0,0,0,0,0,0,0,0,0,0
2021-10,29481.40319,19367.51752,12917.97522,10686.60201,10923.74958,7431.057616,5736.003989,5959.954887,5596.190459,4683.294093,4403.975953,4608.794379,3798.883468,2435.38665,3603.642848,3235.579083,3335.594687,3475.36749,3226.912528,2093.26052,1597.85515,2455.269352,1792.812007,1697.095828,1670.355473,849.7034865,1397.968352,580.5069241,844.8444422,1104.587085,799.5681733,477.9750128,542.046203,473.740274,343.3075348,436.649495,285.5556455,473.611469,267.4377999,295.8381578,194.611076,299.9175627,315.149562,0,104.9067,190.3039998,66.7821448,73.678374,0,159.084022,0,46.405638,110.387352,53.19973471,33.303732,0,83.42881692,55.6905885,0,0,81.93507,84.625072,0,0,0,0,0,0,0,0,0,0,0,0,0,73.285198,0,0,0,0,24.65502,0,0,0,0,0,0,0,0,0,0,0,0,0,0,0,0,0
2021-11,28320.3172,18430.19072,13852.60489,12482.70059,10256.09036,8193.489475,5129.560298,6740.312297,6032.30131,4381.141234,4566.324668,4249.707242,3711.974977,2746.60575,3954.280212,3210.026338,3264.992556,3264.043328,2831.449385,2436.339102,2334.948271,1398.685807,1747.920204,1955.551492,1506.635838,781.6348389,780.986717,556.1933267,1059.719208,982.9050887,577.4774146,866.6863305,705.74011,530.639368,316.2623456,346.784315,178.8418208,677.068121,310.5660077,229.6881266,361.2304377,306.9786177,402.627096,140.301056,117.05308,106.7885164,297.565542,111.879222,187.676392,180.797542,0,0,124.773608,61.81885563,82.661078,0,27.68659268,42.370496,0,59.494435,0,88.2640956,44.83424,0,54.021226,15.843506,0,33.18822,0,37.598512,0,0,0,0,0,43.43108,0,0,0,0,0,0,0,0,0,0,0,0,0,0,0,0,0,4.888268,0,0,0,0
2021-12,28664.58412,19477.08841,13791.82579,13039.80873,11114.73563,7847.38755,5048.786134,5783.267204,5629.484793,5371.575546,4537.591815,4046.322931,4869.277078,3671.96972,4135.920804,3266.818107,2048.351344,3491.242652,3962.285679,2273.090127,2464.691872,2002.238144,1333.469457,1456.436346,470.807865,1073.658435,1003.384317,496.2452724,1052.986858,1136.243734,748.0748355,995.2075569,628.264008,514.357312,494.2258496,485.331147,367.2833497,270.445204,204.83421,307.0226434,247.0637267,351.3697321,0,0,99.162896,140.53802,63.3089485,90.736926,99.686448,19.824572,0,124.5144029,110.387352,121.5303829,113.744806,136.323866,159.5821601,42.370496,25.900056,12.606594,0,0,30.996476,0,0,15.051372,0,18.33858,31.526768,57.923019,0,47.369448,43.16688,75.65334,0,0,0,0,0,0,0,0,0,0,0,0,0,0,0,0,0,0,0,0,0,10.00286,0,0
2022-01,28829.52169,19230.66503,14019.18147,12872.38082,11281.95173,7761.400215,6099.230587,6666.795456,5843.165498,4283.751602,4015.366627,3801.844551,4014.920595,3687.263697,4121.131147,3516.391281,2614.965911,3342.992907,3460.739072,2456.380404,1734.771389,1556.520183,1503.207343,1162.065233,1326.087714,1076.301452,1120.674218,476.3254381,1039.862704,917.8528682,823.2865528,672.7170526,513.219806,504.825132,243.8277367,614.937981,68.33102,289.328342,300.3588758,188.438684,189.9514537,470.1709296,139.53205,0,136.226352,219.0763057,77.5578279,64.10173,0,0,0,0,0,44.84587735,138.622061,0,14.967946,76.642908,85.900696,56.353745,20.192636,89.36672829,0,3.27509,0,0,0,20.3736,13.09886889,0,0,27.155576,0,0,55.582865,0,0,0,0,0,0,0,0,0,0,0,0,0,0,0,0,0,0,0,0,0,5.217016,0
2022-02,27394.92229,17142.06577,12815.69567,11258.42605,10338.30043,7806.892423,5696.794093,5655.735657,5166.437193,4861.608436,3740.792187,4122.496977,4055.95031,3371.44401,3407.192861,2918.476794,2324.627148,2470.707673,1120.849277,2516.721605,2120.411685,1543.914739,1331.588024,1452.429712,1272.029343,749.3039656,1017.067756,361.6741681,876.0688378,706.6896281,825.0934537,724.1162926,516.196161,337.79424,630.1042508,260.149356,491.890402,0,241.6285,263.5647727,165.5689502,367.9221778,279.368894,272.36111,121.651788,104.2441292,293.706882,66.212986,198.793644,0,0,154.2794824,97.451232,45.84547757,0,0,78.736891,31.207106,0,25.689664,143.67541,0,0,7.799092,0,0,0,0,39.29660666,21.672232,0,19.148332,0,0,104.294411,0,0,0,0,0,0,0,0,0,0,0,0,0,0,0,35.82362,0,0,0,0,0,0,0
2022-03,28607.94498,18756.34331,14209.32913,12573.35356,11439.39004,8149.61097,4643.490515,6498.239993,6242.889936,5014.591325,4051.089893,4241.368094,4576.650936,3737.973049,3886.884186,3167.997504,2399.078004,3778.941611,3069.442855,2323.663829,1613.910785,1656.04071,1674.922159,1393.74111,1346.893249,1287.585565,966.8732,546.1375402,967.817777,988.6609104,850.9948119,812.8486678,766.118634,443.459926,461.3376832,431.979009,260.9364803,0,201.96162,150.8966178,227.1612322,159.0414038,99.965208,142.626442,153.624882,97.929061,201.7706865,66.962168,169.879528,97.638982,0,79.02715532,104.161272,49.92944732,156.738154,0,86.25163376,42.5802,0,29.704556,19.342442,0,0,0,0,0,0,39.35022,0,0,0,0,45.319422,92.473178,0,0,0,0,0,0,0,0,0,0,0,0,0,0,4.189472,0,0,0,0,0,0,0,0,0
2022-04,28526.24888,20358.76737,14442.09308,12497.51889,11813.29392,7293.876305,5645.589633,5320.115703,5341.415677,4821.49937,4375.814999,3185.914315,3946.167654,3041.024143,4208.277725,3385.676612,4114.830789,2423.210946,2409.148551,2284.379614,2490.524769,1487.3323,1382.388592,1035.456706,1097.321075,1480.874757,1066.07307,795.5969027,875.1012058,1012.113952,977.824401,688.9476823,675.669908,642.349918,376.6627704,438.423631,336.7456346,0,251.2083065,176.2112096,192.0825358,196.8566637,332.511256,136.32304,188.616526,280.4670717,146.657016,48.6927,50.894816,231.49661,0,23.968042,106.465096,124.679318,33.303732,0,37.01965058,45.211936,0,46.585539,0,0,0,0,0,101.13957,0,0,40.44422167,34.119183,0,60.681264,0,0,0,0,0,0,18.222386,0,0,0,0,0,0,15.081934,0,0,0,0,0,0,0,0,0,0,0,0
2022-05,28520.80872,21519.94422,14193.01208,12740.1815,11903.07172,7350.83368,5827.351045,6098.597723,5852.359545,4988.592713,4494.005715,3013.764549,4134.887791,1713.746534,4066.542354,3229.288384,2912.894994,3235.312422,1834.005128,2273.38864,1836.324574,1883.337925,1961.34713,1522.017645,1293.259414,1458.191409,1140.400602,1131.442195,852.6589499,934.6099337,906.0044869,946.7029735,276.505924,409.105088,244.9365612,314.017047,227.8135846,0,193.153215,184.8385421,116.2575941,47.77255541,0,0,203.158708,35.706708,61.8811641,96.205046,153.60404,87.784974,0,86.672592,99.235344,0,33.303732,0,58.70175948,55.759296,0,18.082064,17.086636,0,0,0,62.71405,0,0,0,0,15.79968,0,3.764908,0,0,63.276556,0,0,0,0,0,0,0,0,0,0,0,0,13.595134,0,0,0,0,0,0,0,0,0,0
2022-06,26337.533,18819.39362,13706.33487,12633.17413,11865.87361,7280.48561,4942.366738,5337.851326,5142.047098,5260.313791,4402.006636,2374.220692,4120.481975,3631.093849,3975.37453,3300.882426,3058.265477,2222.738115,2656.302031,2200.534974,1447.17975,1804.11602,1369.843986,1237.952144,1519.763247,1459.055311,1128.205819,1135.151734,920.636536,1243.540308,794.8901097,860.5451601,618.825372,514.017252,519.027885,412.117884,442.049736,0,277.8010114,247.001499,141.5401413,36.08368046,131.323262,0,155.222044,13.672649,293.314032,116.375966,72.63013895,51.89168,0,153.5954879,128.858928,126.0328623,32.818016,7.532294,0,0,1.177876,60.785725,32.1762129,107.9829102,0,0,0,0,0,22.074,0,0,9.029832,0,0,0,70.247996,0,0,0,0,0,0,0,0,0,0,0,0,29.280874,5.237666,0,0,0,0,0,0,0,0,0
2022-07,30957.94653,18678.78985,14153.84944,13432.09924,12691.67246,7127.11687,5440.811913,5409.170832,5252.289423,4585.594253,4962.877985,2456.037482,4192.307262,3658.77955,4202.436137,3829.115612,3560.99562,2902.652131,2320.630364,2158.216784,2161.487342,1545.842265,1700.73988,1381.901558,1363.107025,1252.186758,996.410379,1569.769485,831.3382395,672.4567462,793.3465303,916.7947331,708.821396,521.510024,169.5108493,595.556217,148.593489,41.64279,272.97039,264.610768,158.995684,36.08368046,600.476886,0,136.576646,97.010697,0,105.394296,0,522.587735,0,0,107.051952,64.21089506,33.303732,0,64.32596304,0,0,37.08705,0,102.85104,0,0,0,0,0,0,0,0,0,0,45.312653,0,7.955206,0,0,0,0,98.391468,17.23722,0,12.883122,0,0,0,0,0,0,0,0,0,0,0,0,0,0,3.706262
2022-08,31575.6992,18672.93907,14717.86024,13809.41789,12638.90036,8104.374396,5624.215217,4654.799449,5531.754794,5116.684545,4223.392508,3878.284024,4125.987294,4996.771841,3668.01705,3342.071801,3899.297454,3054.348015,3412.409144,2101.912463,1977.06745,1786.71204,1624.023677,1272.926502,1448.746165,1153.227121,1088.527708,1510.383584,1329.885178,1205.76533,1095.779667,874.4491621,682.852793,635.151104,496.1826627,153.417808,287.5174926,0,239.2463042,152.7857376,53.015391,0,369.449138,0,122.425528,153.5745859,296.806905,130.306456,131.069524,441.60898,0,75.73379165,0,156.2736859,33.303732,0,31.50186666,42.420882,0,39.506068,0,102.53924,0,0,0,0,0,50.00034,53.8395,0,0,0,17.527842,0,0,0,0,7.9296,51.156658,0,0,0,9.624552,0,0,0,0,0,0,0,0,0,0,0,0,0,0,0
2022-09,30402.93469,17153.90533,13656.8817,14349.75471,12028.00039,7822.824493,7100.766719,4636.440339,5427.979947,4260.734388,4746.275258,4560.297544,3785.66213,2782.049836,4106.813938,3367.716255,3989.414541,3027.748295,2036.76859,1984.699749,1866.61392,1388.510134,1561.674061,1298.317313,1520.122286,1235.535726,1137.202432,1661.416563,932.4770978,1065.155773,850.9948119,990.1330836,383.527274,531.692336,544.9367169,461.405247,401.9465248,0,330.5418332,253.8413986,174.7289386,0,422.540276,354.573716,266.676468,9.3561,61.4799192,127.277514,112.345911,99.99969,0,43.14783458,107.146128,57.41594729,0,0,37.10979772,82.393878,0,47.942895,0,42.697952,0,0,2.53582,0,0,0,0,0,0,0,0,0,0,0,0,0,0,0,0,0,11.777108,0,0,0,0,0,5.237666,0,0,0,0,0,0,0,0,0
2022-10,30542.101,18156.76226,15146.94096,15193.08533,12754.02542,8026.035615,7974.439196,5481.379293,5721.325729,4949.357599,4409.692735,4830.548477,3929.029494,3238.843543,4283.471297,3496.006766,4153.827625,3298.897632,2401.407533,1981.277872,1389.421155,2277.747697,1537.841927,1568.142073,1266.165722,1342.557659,1173.555917,1516.457692,1198.747314,869.4620498,968.5668328,908.3681492,577.838986,590.296364,552.7227945,94.959476,362.2692926,0,133.5059012,50.23732,189.788158,0,24.311658,279.502706,215.491948,172.231742,0,110.929322,206.578152,0,0,108.366106,63.233952,90.3918638,33.303732,0,0,0,0,10.478468,150.896984,64.439474,0,0,0,3.99594,0,58.99998,47.08609878,14.540432,1.02336,0,43.216197,0,0,0,0,0,44.60813,0,0,0,20.875498,0,0,0,0,0,0,0,0,35.033138,0,0,0,0,0,0
2022-11,29171.80755,19204.42922,13978.60301,14893.31724,11632.83494,7397.20511,6366.551797,5197.453657,5688.133892,4691.037453,3910.755088,3800.27378,3706.73849,5833.16269,3847.357102,3222.997715,3924.465449,2886.180823,5553.624393,2216.547504,1743.497109,1507.039798,1221.783982,1302.998511,1450.511577,1098.972121,935.867572,1680.339074,827.9170262,987.0290964,738.2531528,771.8582635,673.792036,317.748522,596.0687,334.412698,152.9836802,0,281.84991,249.4936174,307.504899,0,0,100.599366,98.378754,98.232375,0,138.444208,155.223528,10.679476,0,40.33038625,101.895816,125.6135747,65.5842,0,81.89129694,0,0,15.118278,0,0,0,0,7.047432,0,0,0,0,0,0,0,0,0,0,0,32.596438,0,0,40.23552,32.12508,0,2.152556,0,0,0,0,0,0,0,0,0,0,0,0,0,0,0
2022-12,31216.28211,18689.29034,14435.475,14682.37567,11887.07272,6632.399365,7935.531765,6125.592849,6032.570896,4636.854525,3911.093561,4538.205918,3946.812374,5122.51805,4483.261674,3439.439857,3944.875028,3284.754077,3909.333144,2721.809463,844.8572749,2009.452987,1445.888506,1827.801602,1549.559168,833.5464137,972.020026,1564.843233,1010.093285,1013.999901,960.1702919,557.5053392,648.813672,510.581974,560.1064047,257.146624,318.6624795,0,160.735152,222.1835175,186.2146156,0,0,866.786228,168.204302,286.644843,0,118.649944,91.2794,0,0,150.7092149,124.773608,60.47309036,79.762522,0,71.3750692,37.872926,0,31.805774,24.108404,0,0,0,0,0,151.680858,59.69028,0,0,0,29.648444,0,0,0,0,0,0,0,0,0,0,2.826572,0,0,0,0,0,0,0,0,0,0,0,0,0,0,0
2023-01,28847.56256,21590.97973,13822.00652,13476.67855,12185.65679,7961.602457,7635.387542,6105.864554,6032.223375,5074.906957,4645.483658,4145.294481,3982.532268,4585.626339,4116.066499,3224.462832,4658.381008,3180.513448,2667.837477,1946.422306,1946.119598,1602.076228,1321.893269,1912.959017,1312.57386,773.5277709,1152.497291,1728.646524,1036.329982,892.0135777,721.9500285,830.9296402,496.512584,402.53024,307.9546412,186.721092,313.2366707,0,207.0312838,184.5842291,144.741504,64.57899594,0,272.703074,167.39548,199.46545,0,108.857714,24.319092,0,0,1.97001,0,87.64354663,60.357472,0,15.1015089,82.59472,0,27.242215,25.41667799,0,0,0,0,0,225.14695,0,0,31.836524,0,0,0,0,0,67.25292,52.33071228,27.616484,0,0,0,0,11.777108,0,0,0,0,0,6.721988,0,0,0,0,0,0,0,0,0
2023-02,26488.93,18166.82188,13226.34625,14139.82053,11636.49854,7013.640926,6062.17891,6107.252971,5721.746853,3858.630863,3981.943498,4142.290705,3714.109522,4953.260647,3623.405666,3311.237297,3248.277922,2884.150105,3396.545721,2483.555303,2050.78932,1794.93958,975.7590835,1043.630617,1453.948692,806.9814454,1271.123771,1234.796082,1249.336408,838.2799221,893.9214328,820.6927767,383.769293,392.27461,581.3908014,320.66503,228.0582845,0,210.8676396,159.5044564,193.793213,177.2662098,0,331.616066,131.703554,162.0158474,0,84.720342,153.997004,0,0,161.4436706,108.746248,115.4122072,143.022044,0,71.045623,42.568736,0,14.451437,54.78915,0,149.1509614,0,122.810506,5.334308,0,35.71698,8.411178305,0,0,97.24911,0,0,0,0,0,0,0,0,0,0,0,0,0,0,0,0,0,0,0,0,0,0,0,0,0,0
2023-03,30487.43615,21955.11126,13944.74505,18174.04953,13433.80697,6430.882965,7303.870697,6548.279333,5722.052502,3891.974129,4399.257805,4254.65439,4061.203724,3761.64771,3641.286293,3534.335381,3916.430911,3109.822162,3075.362804,1959.095207,2842.811652,1355.589623,1429.499914,1551.209551,1282.364113,1304.977147,1165.631854,1611.015131,1365.185742,550.6617759,982.5881869,898.7063561,413.72394,338.055382,588.0225746,160.405236,485.0873565,0,235.6271492,255.1571613,217.031471,17.62734971,10.169712,812.776566,179.3409,64.299997,0,139.121528,69.691272,320.830002,0,42.44365428,124.773608,0,0,433.293046,142.8412468,24.485944,0,9.636627,0,0,0,0,0,0,0,0,50.46706983,0,0,0,36.01108,0,0,0,0,3.048766,10.1598,0,42.68082,0,0,0,0,0,0,0,5.586238,32.62272,0,0,30.126698,0,0,0,0,0
2023-04,30687.88578,21354.11239,14070.05011,15875.77681,11996.16213,6965.138935,6886.149317,5400.234511,6562.22903,4098.984744,4779.193785,3968.236564,3940.547699,4539.43641,2389.66896,3408.975209,4010.771395,2556.714553,4656.700583,2410.083646,1576.458785,1828.204073,1780.737539,1349.326078,1408.495323,859.15287,1165.270818,1576.973928,1162.788722,630.7524598,740.9315068,832.9623018,541.50398,444.896704,499.626473,248.191645,215.286438,284.707566,317.182035,289.1487469,107.180614,0,261.324924,0,179.030892,71.779988,0,246.375976,154.436684,149.345742,0,55.5846198,58.411792,75.26137237,0,0,60.72453298,0,0,50.158108,69.957108,0,0,0,14.02674,0,0,0,0,0,0,15.1404,43.168814,0,0,0,0,0,0,0,0,0,0,0,0,0,0,0,0,6.47584,0,0,0,0,0,0,0,0
2023-05,27500.57585,22025.60217,14243.09386,15347.916,11762.61865,6953.607595,6787.713859,6238.825089,6062.509871,5008.400503,4774.058747,4358.337367,3579.990414,6682.743491,2210.532303,3164.606116,3979.064885,3062.612947,3946.708411,1918.140498,2129.79208,2105.784778,1357.050862,1850.495339,1555.518135,592.9480127,1042.393549,1577.314385,1573.75665,871.0033417,1078.137491,927.1141485,513.563892,676.016726,455.4198801,160.01016,294.6387597,0,313.17195,212.722974,211.456195,0,0,328.674612,232.559386,111.623499,0,195.64223,145.656824,131.697554,0,143.2464495,122.000648,42.96802916,0,0,103.0968957,42.568736,74.806119,15.65564,32.561746,0,0,0,20.916798,0,0,0,0,19.20522,0,0,0,91.926366,0,0,0,0,0,0,0,0,0,0,58.05513,32.57017336,0,0,0,0,0,0,0,0,0,0,0,0
2023-06,27793.95975,20222.80423,14239.49862,15339.99274,10849.42733,6334.428625,5735.275868,6305.988511,6610.933865,4617.561465,5580.873291,4160.968499,3898.666239,6225.483051,2324.594634,3709.364829,3933.255557,1990.223133,4533.956056,2114.610789,2166.499993,1442.322509,1384.46711,1892.091766,1522.768584,927.3798499,1052.797732,1629.29354,1071.303667,677.7706153,1148.232019,759.3515887,387.406643,599.989488,333.2841968,426.909216,568.2249426,1126.433758,207.3860312,105.8212389,134.359631,0,97.091344,262.340904,223.12317,148.541138,0,217.888888,73.22782801,39.999876,0,98.921192,0,0,0,0,12.89076238,83.638544,37.604358,60.643583,0,0,0,0,0,0,0,59.94066,51.98154,0,103.95623,13.74877,0,0,0,0,79.22491892,31.91292,0,0,0,0,0,0,0,0,0,0,0,0,0,0,0,0,0,0,0,0
2023-07,25960.7094,18859.1889,15133.27509,15376.22259,11690.74591,5919.525395,8851.58638,5905.251272,7008.599792,4905.776014,4608.730641,4224.427648,4292.322606,4595.24343,2283.411804,3809.339601,3464.091453,3200.594805,5206.373691,2410.080447,2434.06464,2120.575291,1418.135024,1361.625294,1452.948464,1653.289997,1150.024652,1714.038464,1176.71399,835.8088583,823.0390902,1213.790438,628.207552,713.145006,407.1213116,382.291766,158.992594,561.075508,267.61404,373.1267143,309.0573163,0,308.24668,0,273.52407,79.400144,0,216.859692,0,49.235912,0,40.57881105,116.640464,129.2945928,0,0,37.275392,29.382472,20.940039,74.19412,0,0,34.9529852,4.521524,0,0,0,0,0,0,75.84486,0,0,0,0,0,0,42.983388,0,0,0,0,0,0,0,0,68.695116,0,15.14471,0,0,0,0,0,0,0,0,0
2023-08,22439.8973,18931.81999,15105.22236,16207.6791,11775.3721,5960.93206,7339.198723,5872.296626,6047.242963,4982.774629,5121.589414,4138.749887,3654.626118,6180.279954,2300.624556,3917.199645,3233.657606,2884.562914,3780.071516,2283.730231,1741.916809,1569.351806,1438.628202,1143.111214,1297.263317,1358.880831,851.301508,1510.428811,955.4231582,890.1211539,749.2143615,1139.013222,652.772954,534.635318,600.7514409,399.891879,311.5048329,0,207.8518908,156.3955569,187.698045,0,17.421992,0,244.63137,30.240568,258.403264,124.004902,480.931132,135.404928,0,255.0900278,123.253712,95.58356173,113.827446,91.9586848,37.79694636,0,74.550763,74.347273,19.971854,0,36.0927762,0,0,0,0,0,0,0,0,25.264036,0,0,0,0,0,0,0,0,0,0,23.09496,0,1.542142,0,0,0,0,0,0,0,0,0,0,0,0,0
