date,United States,Netherlands,Singapore Republic,China,South Korea,Belgium,India,United Arab Emirates,Saudi Arabia,Italy,United Kingdom,Canada,Spain,Russian Federation,Malaysia,Norway,Oman,France,Latvia,Greece,Taiwan,Japan,Sweden,Finland,Lithuania,Turkey,Portugal,Iran,Brazil,Bahamas,Estonia,Togo,Romania,Bulgaria,Brunei,Cyprus,Qatar,Kuwait,Denmark,Malta,Tunisia,Thailand,Indonesia,Germany,Algeria,Unknown,Ireland,Georgia,Iraq,Argentina,Vietnam,Egypt,Colombia,Trinidad and Tobago,Sint Eustatius,Croatia,United States Virgin Islands,Philippines,Poland,Nigeria,Israel,Bahrain,Australia,Mexico,Peru,Guatemala,New Zealand,South Africa,Chile,Mozambique,Senegal,Pakistan,Equatorial Guinea,Iceland,Libya,Venezuela,Papua New Guinea,Jordan,Sierra Leone,Angola,Dominican Republic,Ecuador,Democratic Republic of the Congo,Hong Kong,Sri Lanka,Djibouti,Eritrea,Ghana,Panama,Uruguay,Gambia,Turkmenistan,Kenya,Somalia,Curacao,Cuba,El Salvador,Maldives,Gabon,Ukraine,Moldova,Republic of the Congo,Liberia,Morocco,Cape Verde,Puerto Rico,Guernsey,Tanzania
2020-01,2400.307998,2074.308678,1291.065186,1315.422477,762.83418,880.845846,617.798097,549.01983,353.437869,586.787298,566.403588,581.3718229,426.173904,272.12667,224.136474,202.59465,81.027318,200.046498,314.380512,111.523818,196.567638,215.809047,127.581543,174.469347,251.109687,291.400458,158.912367,233.540691,113.744415,0,83.159061,141.718365,49.648302,154.715898,72.47625,9.191118,19.326498,21.668328,30.751014,0,35.908311,0,0,26.143407,14.428233,0,0,0,0,1.564734,0,0,0,7.390695,20.753433,0,0,11.18205,12.786693,0,0,0,0,0,0,0,0,0,0,0,0,0,0,0,0,0,0,0,0,0,0,0,0,0,0,0,30.236715,0,0,0,0,0,0,0,0,0,0,0,0,0,0,0,0,0,0,0,0,0
2020-02,2198.271928,1614.678231,905.779182,1626.504096,780.5673872,651.948153,731.978499,907.253556,256.376922,568.305666,373.009845,554.3811584,254.688696,513.655185,203.0088,204.278358,158.760261,143.275569,276.240309,232.21767,156.410901,235.066269,91.631817,172.714104,196.057104,168.023667,127.702023,86.285517,105.507348,0,160.376199,61.629285,24.375363,54.917796,71.712708,24.691623,45.697311,18.62169,12.392874,0,0,4.370412,40.490316,21.763206,0,0,0,0,0,24.160758,2.666373,0,5.793582,4.858356,0,0,0,0,13.932006,0,0,0,0,0,0,0,0,0,0,0,0,0,0,0,0,0,0,0,0,0,0,0,0,0,0,0,0,0,0,0,0,0,0,0,0,0,0,0,0,0,0,0,0,0,0,0,0,0
2020-03,2424.13327,2410.694862,1253.833101,1742.864433,1031.43049,832.040151,901.4987535,940.235709,383.539797,449.065857,512.621316,474.517257,395.786589,344.941017,299.950773,445.782024,172.014567,240.012726,284.753727,116.080974,120.986769,260.881368,211.749624,211.550079,183.180051,212.588466,84.499401,355.678044,156.174459,0,140.262063,75.200604,54.19341,57.915489,149.321406,18.459795,0,0,6.307128,76.232214,56.691864,16.045677,2.697999,0,0,0,0,11.947098,38.865342,0,0,11.685054,0,0,11.608248,14.191791,43.850955,2.563965,29.905395,0,0,0,0,0,0,0,0,0,0,0,4.162584,0,0,38.936877,0,0,0,0,0,0,0,0,0,0,0,0,0,0,0,0,0,0,0,0,0,0,0,0,0,0,0,0,0,0,0,0,0,0
2020-04,1793.445871,1012.269195,636.035757,1022.488158,567.466071,260.511645,739.712562,567.448752,357.674247,423.060249,308.455155,467.999289,431.73255,551.88876,97.143777,69.067419,104.569863,190.395297,224.575473,97.295883,146.500668,63.096129,103.07817,142.368204,55.532997,191.925393,131.747139,290.911008,294.694833,0,221.287122,114.750423,53.520228,52.503678,113.583273,0,14.172966,0,68.730075,0,0,0,12.294231,57.919254,0,0,0,0.713844,0,0,4.815435,16.760274,12.941058,1.427688,0,1.490187,0,68.102073,9.772434,5.765721,0,0,0,6.214509,12.916962,0,0,39.765177,0,0,0,0,0,0,0,0,0,0,0,0,0,0,0,5.06016,0,0,0,0,0,0,0,0,0,0,0,0,9.106029,0,4.45776,0,0,0,0,0,0,0,0,0
2020-05,696.5895878,1681.071747,531.001293,370.027965,425.448012,547.806747,895.055709,663.629442,761.0076821,372.369795,310.470183,315.9334337,374.823069,412.668849,159.983133,136.0671,68.647245,151.146678,100.941156,106.093935,27.46191,114.918342,130.167345,132.967752,193.428381,222.303672,0,100.194933,241.145991,38.92257,85.419567,96.64420593,45.84264,22.318167,0,31.683981,24.974751,0,20.395758,0,0,25.003365,0,29.084625,27.335406,0,7.445664,0,0,0,0,68.193186,60.214398,1.744701,0,0,0,10.674528,0,0,3.620424,0,0,0,0,0,0,0,0,0,0,0,0,0,0,0,0,0,0,31.4754,0,0,0,0,0,0,0,0,0,0,0,0,0,0,0,0,0,0,0,0,0,0,0,0,0,0,0,0
2020-06,1050.385302,1677.792432,736.562763,966.582426,555.1899391,949.420803,748.672509,1045.160988,564.1331959,384.072168,65.287359,370.4628662,376.518072,248.857464,340.936563,210.34302,202.547964,112.092333,333.310179,125.683983,112.578018,60.188796,143.869686,166.449897,82.375188,70.204449,87.494835,85.443663,123.428748,0,133.44666,39.375876,64.003494,0,0,25.94838,24.089223,0,50.040615,98.369661,35.915088,0,37.764456,13.71213,39.368346,61.297965,78.802203,33.150825,0,0,3.289857,17.389029,70.583961,1.268805,0,32.922666,0,0,0,26.293254,0,0,0,12.553263,0,0,0,0,0,0,0,0,0,0,0,0,0,0,0,0,0,0,13.520115,0,32.525082,0,0,0,0,0,0,0,0,0,0,0,0,0,0,0,0,0,0,0,0,0,0,0
2020-07,1606.719772,1732.330716,961.099833,1321.167114,810.307818,992.143764,762.610539,1374.231024,657.63255,356.367039,321.802833,388.158699,265.330845,144.590307,280.88406,195.970509,156.716619,138.495525,255.718047,197.359794,92.467647,2.337312,77.156145,149.953173,224.940678,99.304887,81.742668,232.567815,72.374595,19.987632,76.403145,254.542614,102.375621,119.652453,0,50.53383,19.651794,0,23.926575,0,26.165244,0,0,13.770864,0,28.8399,12.741513,29.891841,0,10.655703,0,41.344971,20.350578,2.538363,0,0,0,0,0.358428,3.055674,0,0,0,9.990051,0,0,0,0,0,63.1767,0,0,0,0,0,0,15.328068,0,0,0,0,0,0,0,0,0,0,0,0,0,0,0,0,0,0,0,0,0,0,0,0,0,0,0,0,0,0,0
2020-08,1923.300069,1525.492158,1068.3564,1337.355108,720.038178,797.300496,713.616594,1613.447829,561.091173,507.731334,313.768323,436.252809,216.492771,188.559483,451.013115,258.021474,261.068112,157.33935,173.622975,93.131793,35.440698,95.921658,125.729163,212.370096,153.772389,41.268918,127.949007,196.157253,116.159286,0,89.445105,183.561822,53.514204,92.91267,0,95.953284,31.747233,0,0,36.194451,33.547656,0,17.166894,0,0,131.860842,65.539614,0,0,38.216256,0,0,0,14.097666,35.437686,0,8.226525,5.763462,0,0,0,0,0,0,0,8.427576,0,0,0,15.646587,0,0,0,0,0,9.123348,0,0,0,0,0,0,0,0,0,0,0,0,0,0,8.830431,2.234904,0,0,0,9.123348,0,6.587997,0,0,0,0,0,0,0,0,0,0
2020-09,1837.252678,1529.556852,1097.77611,1452.315618,718.732476,901.841745,672.807759,1087.009716,669.54501,534.551688,390.82206,433.3774145,266.045442,198.277701,242.920812,232.920972,289.402749,188.593368,88.343466,134.716218,34.982121,46.762806,39.54756,154.331868,189.141552,163.999635,124.333101,172.681725,37.729818,9.980262,93.731934,32.4208924,68.958987,0,0,60.326595,40.407486,0,0,6.128667,21.245142,0,9.020187,0,0,38.065656,16.479405,0,0,16.931205,21.69393,0,0,2.22135,0,0,0,0,0,0,0,0,0,0,0,0,0,0,0,0,0,0,0,0,0,0,0,0,0,0,0,0,0,0,0,0,0,0,0,0,0,0,0,0,0,0,0,0,0,0,0,0,0,0,0,0,0,0
2020-10,2088.331315,1749.312372,1077.848718,1429.351377,933.909003,929.355612,832.669659,1127.422473,603.852537,611.932227,499.955103,448.0861776,210.752652,303.344544,238.076763,199.327383,241.100811,282.413403,318.692943,124.491984,61.26408,93.384801,93.869733,121.664469,278.052027,193.00896,105.446355,38.448933,156.931224,0,199.723461,47.30346,59.782929,16.376244,28.64412,0,0,0,19.0509,4.586523,60.026901,6.013458,13.282167,0,0,0,0,0,0,0,0,0,0,3.649038,4.190445,0,0,0,0,0,0,30.006297,0,15.563004,0,0,0,4.162584,0,0,0,0,0,0,0,0,0,0,0,0,0,0,0,0,0,0,0,0,0,0,0,11.03145,0,0,0,0,0,0,0,0,0,0,0,0,0,0,0,0
2020-11,2019.83759,1299.001053,678.960522,1278.016449,761.63691,773.396511,616.448721,819.668361,554.578476,454.824048,425.975865,529.7181592,412.006209,181.030989,346.14657,268.927173,115.643481,289.060134,233.448825,144.060948,130.30665,105.387621,212.175822,231.051273,247.093938,171.757794,125.707326,135.567108,54.161031,0,74.574108,30.376773,50.991654,33.452778,0,47.271081,0,0,35.479854,33.75699,0,22.069677,0,4.853838,0,23.708205,4.984107,0,0,0,42.541488,0,0,3.172389,0,0,0,0,5.140731,0,0,0,0,0,0,0,0,6.706971,0,0,0,0,0,0,0,0,0,0,41.006874,0,0,0,0,0,0,0,0,0,0,0,0,0,0,0,0,0,0,0,0,0,0,0,0,0,0,0,0,0
2020-12,2449.451029,1748.1648,1027.505397,2068.360731,704.789175,763.505856,737.740455,657.500775,362.25324,594.466392,524.278509,527.092406,499.556013,317.386488,179.271981,272.521242,235.291416,358.6539,260.314359,198.098487,179.85405,272.127423,134.14695,224.74038,177.498666,287.207001,175.470837,186.475932,27.909945,0,99.261213,14.413173,84.948189,20.826474,33.506241,24.691623,0,1.494705,25.051557,0,41.344971,0,2.929923,9.707676,0,80.171157,8.664018,0,39.31413,18.59686208,17.366439,38.13945,0,4.173879,8.343993,0,0,6.99537,0,0,0,0,0,12.187305,0,0,0,0,0,0,0,0,0,0,33.648558,0,0,0,0,0,0,0,0,1.708557,0,0,0,0,0,0,0,0,0,0,0,0,0,0,0,0,0,0,0,0,0,0,0,0
2021-01,2105.51821,1727.14857,894.756015,1301.979921,809.2175403,439.502004,772.403304,1014.513135,438.933489,710.910312,512.930046,633.1465886,409.916634,201.37479,174.65835,218.5959,208.056912,243.423816,465.855498,131.707983,112.575759,190.790622,186.576834,165.483798,109.355931,155.881542,125.04318,471.133275,0,3.574491,122.934027,97.31202883,94.789146,39.603282,20.437173,0,0,0,7.452441,0,0,0,13.989234,19.381467,43.45563,39.25389,0,0,71.671293,57.357516,9.001362,0,0,11.719692,0,0,3.627201,34.654566,26.84445,13.390599,0,0,0,0,0,0,0,0,0,0,0,0,0,0,0,0,0,0,0,0,0,0,0,0,0,0,0,0,0,0,0,0,0,0,0,0,0,0,0,0,0,0,0,0,0,0,0,0
2021-02,1346.667126,1717.307613,654.980484,1251.043236,749.360751,975.469332,653.417256,817.571256,462.235074,485.584098,408.000249,591.6601711,306.49359,341.160957,158.707551,243.050328,129.101097,254.211294,301.949235,274.695153,115.731582,301.148043,170.92347,143.692731,156.173706,70.803837,81.280326,342.684276,1.681449,41.352501,48.402087,25.961934,3.704007,33.761508,69.465756,50.255973,0,0,9.067626,21.161559,0,0,5.875659,38.860824,0,9.897432,0,0,0,19.108881,1.619703,0,0,1.903584,45.01434,0,77.702823,7.348527,0,0,41.344971,0,0,0,0,0,0,0,0,0,2.600862,0,0,0,0,0,0,0,0,0,0,0,0,0,0,0,0,0,0,0,0,0,0,0,0,0,0,0,0,0,0,0,0,0,0,1.411122,0,0
2021-03,1759.111621,1988.00283,1450.114599,1739.147625,718.8306747,1033.425509,1090.054095,797.512089,613.89078,700.210182,266.734437,558.3529977,538.227834,550.221618,391.988457,392.776095,235.963845,224.936913,315.527331,186.783156,88.401447,206.953014,235.978905,213.354334,123.639588,163.01697,112.760997,278.628825,218.735205,30.743484,123.40164,190.838814,86.681595,73.398675,0,30.779628,0,0,49.384752,0,20.815179,16.804701,1.098627,34.287855,0,1.26504,0,64.36644,65.553921,20.192448,0,5.071455,0,6.286044,0,0,7.438134,3.112149,0,0,0,0,0,0,0,0,0,0,0,0,4.829742,0,0,0,0,0,0,0,0,0,0,0,0,0,0,0,0,0,0,0,0,0,0,0,0,0,0,0,0,0,0,0,0,0,0,0,0,0
2021-04,1777.235634,2083.335642,1162.378239,1363.843389,940.506789,907.9380752,770.843088,897.551904,730.769181,422.186769,264.434775,426.4792673,397.952217,422.193546,318.027291,277.057314,142.158117,177.0429128,184.390122,217.387335,96.326019,57.953892,192.917094,74.543988,159.02607,255.892743,113.677398,344.329581,241.322946,33.280341,95.493954,70.333965,71.751864,61.116492,0,95.37498,23.943141,0,20.678133,0,24.880626,3.149046,18.613407,5.245398,0,78.551454,51.141501,32.726886,79.079307,0,0,0,0,5.443437,0,4.453995,12.578112,10.720461,20.081757,0,0,13.782159,0,0,0,0,0,0,38.559624,0,14.621001,0,0,0,0,0,0,0,0,0,0,0,0,2.747697,0,0,0,0,0,0,0,0,0,0,0,0,0,0,0,0,0,0,0,0,0,0,0,0
2021-05,2030.628396,1954.341471,916.583226,1464.481086,1123.650696,878.464107,1092.944862,927.489678,1024.208763,711.219795,220.228404,472.7881062,352.703694,425.6848305,162.74589,299.938725,234.026376,174.442239,143.191233,253.829523,372.821595,27.223962,243.26418,23.806095,113.955255,277.223727,119.21496,179.862333,26.807553,102.925311,38.997117,210.363351,68.418333,22.321179,33.489675,66.675138,24.101271,37.422594,28.976946,0,35.272779,8.544291,7.275486,19.708269,0,77.605686,5.295849,16.072032,26.239791,0,22.2135,0,0,6.345531,32.73291,19.320474,4.189692,0,3.329766,0,0,0,0,0,0,0,0,0,0,0,5.144496,24.883638,0,0,0,0,0,0,0,0,0,0,0,0,0,0,0,0,0,0,0,0,0,0,0,0,0,0,0,0,0,0,0,0,1.688226,0,0,0
2021-06,1952.316654,2150.693751,1056.458247,505.787841,840.601008,1085.052669,1074.356304,704.939775,935.424792,647.152296,545.323353,447.7295207,362.726124,299.697012,171.436263,342.124044,224.188431,180.59952,180.209466,269.783334,294.524655,66.962031,196.889169,13.057773,179.737335,173.475387,107.630055,181.883385,43.608489,19.348335,46.044444,51.63321,49.150569,95.570007,72.165261,34.467822,0,8.770191,4.621161,0,43.826106,8.149719,43.296747,11.951616,0,0,10.591698,40.287759,10.399683,9.722736,79.420416,0,7.691142,15.36873,30.756285,37.167327,0,0,0,9.096993,16.739943,0,0,0,0,0,0,0,0,0,3.9909,0,0,0,0,0,0,0,0,0,0,0,0,0,0,0,0,24.764664,0,0,0,0,0,0,0,0,0,0,0,0,0,0,0,1.798917,0,0,0,0
2021-07,2343.191761,1854.489906,1121.404497,250.396596,1337.203755,1129.939752,725.605107,764.348463,706.545924,335.805621,511.682325,407.435444,371.567097,167.577138,531.179754,299.353644,223.150797,213.252612,188.5512,168.7805999,426.852357,106.258089,169.073349,128.783331,103.043532,135.326148,122.011602,125.525853,167.91147,66.20376,14.895846,76.862475,9.650448,20.190189,162.06066,31.125255,89.806545,0,10.70766,34.021293,83.346558,7.941891,40.128876,40.756878,34.953507,0,51.378696,58.800264,20.849817,0,2.879472,0,12.039717,7.872615,0,33.42567,12.038964,6.796578,0,0,0,0,0,10.462182,6.492366,0,9.188859,0,0,0,0,0,0,0,0,0,0,0,0,0,0,0,0,0,0,0,0,0,0,0,0,0,0,0,0,0,0,0,0,0,0,0,0,0,0,0,0,0
2021-08,2130.363006,1519.285179,891.31104,662.792859,1076.070814,742.970793,686.32938,600.004707,852.658797,537.960519,666.148227,505.8733833,385.879368,169.90692,370.809579,317.474589,263.635089,188.599392,274.567896,154.829601,303.693936,112.435701,260.692365,224.095059,188.61144,48.143808,144.614403,52.661808,131.951202,57.452394,42.908199,76.205106,0,58.321356,0,0,11.890623,0,5.514219,8.228784,0,0,0,0,0,0,7.008171,10.442604,0,0,13.299486,0,0,8.090232,29.369259,0,0,0,0,19.162344,0,0,25.849737,4.84179,0,0.317766,0,0,0,0,0,0,0,19.63904646,0,0,0,0,0,0,0,0,0,0,0,0,0,0,0,0,0,0,0,0,0,0,0,0,0,0,0,0,0,0,0,0,0,0
2021-09,1988.851376,1647.959325,642.749505,1081.600164,1081.551219,739.146306,612.701793,740.776551,767.108208,579.548709,588.878379,344.2003286,272.360853,158.374725,390.554745,268.470855,94.958571,188.511291,239.927637,208.0916712,319.46025,142.892292,231.412713,162.080991,112.65633,149.561613,146.446452,21.92736,190.582794,84.278772,93.694284,0,0,0,54.921561,31.284138,111.560715,0,0,0,10.359774,2.068491,30.196806,15.29343,27.22095,0,14.640579,9.282984,0,0,82.714038,41.344971,19.223337,5.869635,0,0,0,16.873224,0,0,33.547656,0,0,0,0,0,0,0,0,0,0,0,0,0,0,0,0,0,0,0,0,0,0,0,0,0,0,0,0,0,0,0,0,0,0,0,0,0,0,0,0,0,0,0,0,0,0,0
2021-10,2511.725959,1691.17776,1351.381239,661.446495,1186.655712,942.63552,592.58088,600.060429,846.902112,545.099712,430.690398,246.048021,374.155158,205.784358,408.481416,301.582524,184.325364,211.881399,159.094593,251.490705,270.320976,126.204306,194.260446,231.782436,177.640983,115.564416,79.899324,28.080123,76.689285,90.865263,45.798966,59.746785,54.704697,28.063557,0,0,36.17412,0,9.346236,12.56757,0,124.70433,3.962286,10.417755,25.410738,0,9.032988,57.214446,0,0,2.460051,66.325746,20.675874,7.297323,0,2.269542,8.061618,0,19.938687,0,6.88995,0,0,3.775542,0,0,4.39752,0,0,0,0,0,0,0,0,0,0,0,0,0,0,0,0,0,0,0,0,0,0,0,0,0,0,0,0,0,0,0,0,0,0,0,0,0,0,0,0,0
2021-11,2690.120335,1365.486435,1041.517221,821.263968,1264.764402,1152.765441,799.416426,569.999163,808.769439,673.274619,664.050369,447.3080259,389.65491,411.226101,474.459276,324.671763,133.444401,169.662948,175.668123,108.090891,194.960736,227.401482,146.288322,116.124648,136.534713,104.17002,41.865294,43.41798,41.353254,37.098051,76.290948,175.635744,11.712162,1.631751,18.684189,16.873224,0,0,18.029832,0,15.645081,112.696992,0,8.112822,0,0,4.672365,6.285291,0,8.323662,0,0,0,6.663297,41.344971,0,0,0,0,0,0,58.944087,0,0,0,0,0,0,0,0,0,0,0,0,0,0,0,0,0,0,0,0,0,0,0,0,0,0,0,0,0,0,0,0,0,0,0,0,0,0,0,0,0,0,0,0,0,0
2021-12,3019.700178,1395.349662,951.255111,1003.17672,1182.045547,937.684545,1112.960355,597.811218,670.483248,577.831869,676.143549,542.6048581,381.126432,530.881566,245.777694,255.267,136.675524,209.993628,140.099415,193.111368,255.724824,206.380734,241.135449,215.1321,152.040489,32.760771,91.482723,49.96908,37.368378,141.225903,93.764313,60.613488,58.70388,0,0,0,0,0,30.773604,0,0,18.643527,0,49.422402,20.674368,0,14.640579,11.203134,38.704953,1.953282,10.724226,0,0,8.508147,0,0,0,0,0,9.685086,0,0,0,0,0,0,0,0,0,0,0,0,0,0,21.501915,0,0,0,0,0,0,0,20.676627,0,0,0,0,0,0,0,0,0,0,0,0,0,0,0,0,0,0,0,0,0,0,0,0,0
2022-01,2434.128736,1498.760658,976.19673,895.896057,1162.076286,833.453532,960.759477,579.740724,576.650412,530.693316,783.955077,407.580828,401.90622,580.447038,332.435193,289.692654,120.867042,174.137274,129.552897,141.492465,256.913811,267.15687,222.205029,215.025174,200.440317,96.397554,41.06862,59.136855,0,0,0,78.354921,111.016296,102.982539,2.451768,11.646651,38.442909,0,10.138392,0,0,8.35077,34.733631,4.368906,0,0,17.498967,0.969111,0,0,14.948556,0,7.136181,10.035231,7.874874,0,0,2.75598,0,21.779772,0,0,0,0,0,0,0,0,0,0,0,0,0,0,0,0,0,0,0,0,0,0,0,0,0,0,0,0,0,0,0,0,0,0,0,0,0,0,0,0,0,0,0,0,0,0,0,0
2022-02,1937.809098,1535.221671,1013.194632,1038.390765,1151.868618,1291.105848,1228.292847,730.892673,698.085216,633.7743594,601.17261,433.69035,433.201653,362.144808,282.573039,272.19444,282.891558,183.466944,185.9744385,103.929813,269.912097,336.202452,216.754062,188.308734,174.732144,68.684895,197.867316,97.216818,2.674656,0,130.039335,0,106.392123,168.708144,78.062004,37.006938,0,42.189837,66.291108,0,0,0,23.785011,27.558294,5.151273,0,12.306279,0,0,26.881347,0,0,3.976593,15.846132,0,0,0,0,6.239358,0,6.88995,0,0,3.651297,0,0,20.002692,0,0,0,0,38.815644,17.538123,0,0,0,0,0,0,0,0,0,0,0,0,0,0,0,0,0,0,0,0,0,0,0,0,0,0,0,0,0,0,0,0,0,0,0
2022-03,2457.970584,1482.184813,1244.77677,832.504752,1026.560655,1170.212451,1274.146029,874.796997,1226.755221,502.055973,652.051314,452.540199,544.267647,551.291631,403.708149,322.826913,470.381028,187.364472,254.721828,204.569016,81.153069,416.494842,169.111752,122.220936,172.26381,107.895111,86.279493,0,0,93.318537,188.015064,48.502989,2.122707,32.144064,6.696429,0,61.182756,0,0,0,0,13.688034,7.726533,16.638288,0,0,8.098515,32.900076,0,16.860423,20.364885,0,0,13.148886,0,0,0,0,0,0,0,0,6.696429,0,0,0,6.696429,0,27.501819,0,1.530849,0,0,0,0,0,0,0,0,0,0,0,0,0,0,0,0,0,0,0,0,0,0,0,0,0,0,0,0,0,0,0,0,0,0,0,0,0
2022-04,2570.144679,1747.730319,1295.275962,1106.987559,1131.295152,978.363111,1147.584801,716.560824,1007.311443,652.118331,444.991374,386.609778,348.116418,424.006017,372.993279,173.062743,223.228356,74.935548,231.899151,233.502288,116.972526,151.731759,233.757555,211.047075,165.324162,260.457429,91.094175,14.561514,0,46.760547,70.449927,43.826106,37.992615,47.593365,38.173335,19.422129,9.331929,0,0,0,14.319801,0,0,0,0,0,17.004246,5.099316,0,11.090937,8.624109,0,0,14.417691,14.861208,6.637695,0,0,0,5.993127,0,0,0,2.49996,0,41.78397,12.238509,0,0,0,6.014211,0,0,0,0,0,0,0,0,0,0,8.601519,0,0,0,0,0,0,0,0,0,0,0,0,0,0,0,0,0,0,0,0,0,0,0,0,0,0
2022-05,2567.48563,2203.402524,1232.678319,811.939569,1152.750381,1010.422086,954.942552,720.398112,1031.712408,594.459615,474.048138,407.5979196,514.174002,324.674022,361.993455,148.957707,384.042048,189.280857,163.358832,177.924111,364.533324,126.113193,155.167698,294.52842,17.879985,238.216068,96.728874,55.539774,77.632794,96.911853,63.160887,90.98499,93.612207,95.210073,31.025106,0,46.878768,0,0,0,0,3.932919,12.127818,0,76.434771,0,51.414087,30.372255,0,20.925117,1.058718,0,0,10.143663,0,0,0,0,5.09781,0,6.88995,0,0,0,0,0,0,0,0,0,13.758816,0,0,0,0,29.682507,0,18.459042,0,3.222087,0,0,0,0,0,0,0,0,0,0,0,0,0,11.723457,0,0,0,0,0,0,0,0,0,0,0,0,0,0
2022-06,2569.843587,1817.498028,1674.893382,959.917623,925.171944,1022.832279,909.334848,1042.517205,736.987455,651.92481,684.890397,356.1680979,462.996357,280.510572,253.776813,241.581978,468.106215,216.665961,109.956072,199.743792,371.097225,82.554402,145.014246,119.997327,50.469072,276.118323,205.331805,0,42.456399,36.747153,128.768271,84.521991,24.750357,117.617847,82.848825,0,71.355786,27.745038,8.819889,0,0,49.860648,7.46976,10.317606,0,0,16.041912,0,6.905763,8.969736,0,0,2.830527,7.840989,0,36.268998,0,0,0,0,0,0,6.403512,0,0,0,0,41.352501,0,0,0,0,0,0,0,0,0,0,0,6.284538,0,0,0,0,0,0,0,0,17.259513,0,0,0,0,0,4.277793,0,0,0,0,0,0,0,0,0,0,0,0,0
2022-07,2271.685485,1936.285284,1378.068312,927.162876,1320.691143,1102.234623,748.445103,804.307914,857.555556,635.760159,586.160802,366.9196458,353.331696,238.812444,432.77169,343.101438,374.015853,252.569001,102.810102,200.858985,325.005342,105.923757,145.967544,202.114236,170.255559,274.492596,151.976484,0.47439,119.171286,94.158132,133.942887,0,85.028007,133.728282,42.427785,17.294904,21.035808,41.602497,36.178638,0,0,27.984492,21.883686,36.357852,0,0,5.91858,11.755836,10.642149,35.979093,0,0,41.329911,13.941042,0,0,0,0,0,0,3.393018,0,47.030874,0,0,0,0,0,4.477338,0,0,0,0,0,0,13.169217,10.298028,0,0,0,0,0,0,0,0,0,0,0,0,0,5.071455,0,0,0,5.168592,0,0,0,0,0,0,0,0,0,0,0,0,0
2022-08,2718.594503,1871.692191,1116.086811,712.476552,1364.934314,752.192784,866.541858,1051.608927,844.342665,586.574952,621.493068,396.9064032,325.805781,174.44751,557.71698,260.904711,183.210171,274.88265,98.219814,158.345358,219.675702,96.867426,236.156613,213.160746,206.275314,158.004249,124.052985,0,80.613921,176.199741,88.428555,18.051669,55.508901,86.52723,51.058671,0,3.454011,89.250831,9.378615,0,0,0,2.885496,2.344842,31.830063,42.387123,4.360623,9.60828,0,2.091081,0,0,0,6.971274,0,9.432831,0,4.146771,11.482497,0,0,23.036529,0,8.618838,0,42.441339,0,0,0,0,0,0,0,0,0,0,0,20.672862,0,0,0,0,0,0,0,31.165164,0,0,0,6.5511,0,0,0,0,0,0,0,0,0,0,3.527052,0,0,0,0,0,0,0
2022-09,2935.662936,2007.570288,954.586383,459.055908,1124.286223,1214.771226,544.815078,864.962064,932.406015,436.246785,490.623174,289.3639213,220.708065,182.136393,412.566441,375.606189,323.359284,204.453054,92.704089,135.746322,82.080765,358.373031,20.343048,121.439322,144.718317,122.051511,119.973231,0,0,103.606776,39.422562,59.600703,54.004407,39.4572,24.155487,30.000273,68.245143,11.228736,5.415576,0,0,27.985998,8.653476,3.481119,0,0,16.820514,39.399219,0,18.80241,5.709246,0,0,10.462935,0,8.972748,0,8.127882,6.755163,0,0,0,0,6.484083,0,0,0,0,0,0,0,0,2.396799,0,0,0,0,0,0,0,0,0,0,0,0,0,0,0,0,0,0,0,0,0,0,0,0,0,0,0,0,0,0,0,0,0,0,0.664146
2022-10,2456.789953,1962.180954,1198.423596,1530.339972,1220.107176,1051.13529,389.79798,990.329787,1015.728477,603.505404,405.469416,201.323586,262.51839,361.777344,353.221005,314.662134,350.8533328,135.400695,311.95284,134.10177,156.704571,124.173465,123.73296,247.575858,216.732978,232.228212,107.002806,0,10.636125,0,20.35359,25.482273,68.46276,27.967926,67.704489,18.989907,10.633866,9.637647,0,0,2.094093,3.634731,52.462263,0.657369,0,0,20.12016,8.491581,31.126008,2.997693,4.482609,0,0,7.277745,0,19.36716,0,15.977154,14.667687,0,0,0,0,0,0,0,0,0,0,0,0,0,0,0,0,0,0,4.333515,0,0,22.542561,0,0,0,0,0,0,0,0,0,0,0,0,0.307977,0,0,0,0,0,0,0,0,0,0,0,0,0,0
2022-11,2615.613926,948.562383,1468.624092,1969.79529,1088.134698,1042.315088,656.248536,840.658236,959.41989,518.006772,538.145757,333.310179,263.577108,376.656624,304.885935,372.404433,439.249749,249.451581,164.491344,170.666697,123.492,247.157943,239.512734,198.277701,221.972352,141.012051,44.356218,0,3.696477,220.370721,31.583832,6.45321,99.301875,41.399187,48.45555,0,0,0,15.968118,0,0,8.315379,0,21.723297,0,0,8.410257,3.655062,0,20.267748,1.364436,0,0,8.766426,0,0,0,0,3.482625,7.685871,0,0,0,8.758896,0,0,0,0,0,0,4.304148,0,38.177853,0,0,0,0,0,0,0,12.25884,0,0,0,0,0,0,0,0,0,0,0,0,0,0,0,0,0,0,4.447218,0,0,0,0,0,0,0,0
2022-12,2607.790803,1281.020166,1474.127769,2336.906133,955.819044,776.5675491,926.95806,555.023499,900.769473,573.981027,501.629775,441.5299121,529.104486,743.2816314,395.752704,319.631181,273.040059,242.835723,367.366863,247.973442,55.160262,374.683011,156.299457,242.675334,138.548988,103.167024,170.809767,0,0,409.732902,17.704536,4.588048578,118.983789,83.701221,0,0,0,130.410564,14.724915,0,0,7.566144,10.535223,15.419181,0,0,12.459891,16.044171,0,2.602368,2.004486,0,0,11.721951,0,3.634731,0,0,7.819152,0,33.480639,0,0,0,0,0,0,0,0,0,6.52851,0,5.265729,0,0,0,9.304068,0,0,0,0,26.120064,0,0,0,0,0,0,0,0,0,0,0,0,0,0,0,0,0,0,0,0,0,0,0,0,1.277841,0
2023-01,2683.955383,1572.419871,1324.05261,790.064919,1269.032406,1282.41924,862.697793,842.460918,458.8193237,544.634358,634.943907,415.0849135,413.423355,800.267316,290.275476,351.458985,423.006033,241.281531,60.648879,282.692766,197.513406,394.215078,135.646926,216.816561,171.592134,103.922283,120.140397,0,19.354359,293.0676,9.408735,32.127498,52.412565,146.612112,65.692473,59.999793,109.288161,0,15.191775,0,0,9.320634,18.040374,0,0,0,7.447923,0,21.621642,0,0,0,0,13.675233,0,0,0,18.242178,6.755163,0,0,0,0,0,0,0,0,0,0,0,0,0,0,0,0,0,0,0,0,0,0,0,0,0,0,0,0,0,0,0,0,0,5.57973,0,0,0,0,0,0,0,0,0,0,0,0,0,0,0
2023-02,1944.86684,1743.269547,1152.916794,663.529293,1003.852161,957.323538,991.743168,701.172516,646.778055,686.029686,385.062363,369.1041033,338.696388,655.893873,473.5584237,242.130162,481.319859,167.315847,123.592149,234.201072,142.101642,484.317552,285.387753,185.332125,184.433043,75.055275,34.417371,16.096128,0,89.728233,15.831825,18.045645,35.656056,90.389367,35.000193,0,61.732446,101.784516,12.264111,14.99976,0,0,20.881443,23.213484,0,9.813096,13.705353,0,0,0,7.091754,0,0,4.859109,0,0,0,0,0,18.294888,0,0,0,0,0,0,8.270199,0,0,0,0,0,0,0,0,0,0,0,0,0,0,0,0,0,0,0,0,0,8.5089,12.988497,0,0,0,0,0,0,0,0,0,0,0,0,0,0,0,0,0,0
2023-03,2325.266605,1464.828219,1462.365909,557.900712,1201.221744,879.566499,1186.708422,846.594888,1113.469383,508.515207,641.504043,422.397304,382.075212,606.715443,481.047273,199.879332,382.857579,127.458051,46.686,231.282444,154.457619,421.268109,204.880758,116.789547,126.183975,82.375188,128.056686,0,0,123.076344,14.789673,83.565681,120.333918,33.461814,36.878928,48.112182,41.296779,0,41.351748,50.129469,0,0,11.884599,14.258055,21.403272,0,8.721246,11.755836,0,9.547287,0,0,0,13.71966,0,0,3.59181,0,4.556403,0,15.839355,40.744077,0,0,0,0,0,0,0,0,0,0,0,0,0,0,0,0,0,0,0,0,0,0,0,0,0,5.23335,0,0,0,0,0,0,0,0,0,0,0,0,0,0,1.91262,0,0,0,0,0
2023-04,2129.043443,1687.892421,1687.340472,1161.958065,794.701893,657.767337,794.448885,592.462659,878.115468,628.231665,463.492584,412.6438607,321.0385975,386.444118,572.713728,352.105812,498.600456,151.93281,102.563871,281.521098,95.002245,212.283501,116.727048,116.040312,174.367692,75.426504,106.641366,0,10.337937,216.401658,9.063108,81.502461,121.687812,34.695981,0,0,0,129.370671,4.949469,24.480783,61.297965,10.950126,13.860471,15.163914,110.445522,0,8.098515,16.761027,0,20.676627,0,0,0,0,0,0,59.174505,0,0,0,0,0,21.407037,0,21.027525,0,0,0,0,0,0,0,0,0,0,0,0,0,0,0,0,0,0,0,0,0,0,0,0,0,0,0,7.34175,0,0,0,0,0,0,0,0,0,0,0,0,0,0,0
2023-05,1854.453032,1213.849554,1513.684365,1098.184236,1352.938443,1228.359864,909.805473,878.583081,1094.838657,662.005974,578.624778,481.572056,308.028204,381.07071,514.421739,366.240375,336.888435,200.726457,62.733183,263.134344,385.026972,59.884584,145.602339,145.917846,196.049574,131.018988,163.149498,22.031274,32.415144,209.877666,17.559207,14.410161,88.636383,90.237261,165.48681,62.541921,90.161961,61.357452,10.831905,28.296234,35.5416,16.883766,9.746079,0,59.191824,0,0,0,0,0,5.392986,0,5.487111,0,0,0,10.014147,8.068395,0,0,0,0,0,0,41.46018,0,0,0,0,0,0,0,0,0,0,0,0,0,0,0,0.542913,0,0,0,0,0,0,0,0,0,0,0,0,0,0,0,0,0,0,0,0,0,0,0,0,0,0,0
2023-06,2025.439317,1182.917067,1883.384022,1141.380834,1017.978441,1038.614406,932.807364,870.419808,1055.456757,695.030295,470.832828,409.2053193,325.486509,257.794821,510.889416,281.076075,235.974387,243.408003,153.065322,231.376569,268.912866,86.811111,285.532329,204.98166,174.87672,74.023665,137.141631,0,112.590066,174.937713,7.877133,5.006697,51.100086,53.281527,124.117743,65.073507,59.898891,13.520115,4.78908,40.251615,15.040422,44.628804,44.244774,0,53.999136,0,7.786773,43.478973,1.052694,10.51188,6.318423,0,13.002804,0,0,33.480639,0,0,0,32.590593,0,0,0,6.639954,0,0,12.724947,0,20.289585,0,0,0,0,0,0,0,0,0,0,0,0,0,0,23.159268,0,0,0,0,0,0,0,0,0,0,0,0,0,0,0,0,0,0,0,0,0,0,0,0
2023-07,2792.518973,1398.733644,1774.742688,1111.983714,1089.440566,1275.765732,1017.671217,916.397235,1031.283198,426.204024,473.809437,359.3975899,337.725771,238.801149,329.494728,264.888834,443.940186,273.822426,52.419342,225.559644,214.586928,93.851661,152.707647,204.684225,145.763481,41.624334,153.407937,6.095535,112.851357,116.986833,4.782303,53.078217,16.372479,72.412245,54.831201,110.912382,28.966404,79.852638,7.109826,122.415963,0,41.944359,29.312031,2.593332,33.544644,0,13.393611,3.862137,0,20.550123,6.156528,26.056812,0,0,0,0,0,0,14.270103,0,0,0,20.251182,2.536104,28.665204,0,0,0,0,11.371053,0,0,0,0,0,0,0,0,0,0,0,0,0,0,0,0,0,0,0,0,0,0,0,0,0,0,0,0,0,0,0,3.338049,0,0,0,0,0,0
2023-08,2022.229572,1539.377478,1608.136167,1354.27803,1061.731506,1127.112237,903.194886,1115.446761,967.955898,648.615375,543.556815,396.4672505,322.262163,364.567209,241.199454,210.690153,423.042177,252.050184,40.442877,368.544555,252.785112,128.422644,256.235358,176.778798,208.649523,146.487867,150.025461,19.835526,95.55493495,86.156001,4.782303,0,61.909401,63.848376,73.69611,118.4469,30.886554,52.25067,0,138.250047,31.203567,33.78711,0,3.911082,0,0,4.360623,0,0,0,0,0,5.094798,0,0,0,0,0,3.785331,7.729545,7.70319,0,0,2.799654,0,0,19.089303,0,0,0,0,0,0,0,0,0,14.271609,0,0,0,0,0,0,0,0,0,0,0,0,0,0,0,0,0,0,0,0,0,0,0,0,0,0,0,0,0,0,0
